year,title,type,direct_overlap,coverage,gap_relative_to_frozen_scope,status,doi,url
2026,A systematic review of deep learning methods for mineral exploration using multisource geoscience data (2018–2025),Systematic review,Very high for broad multisource DL/mineral exploration,349 studies; Task–Data–Model framework; regional-to-deposit stages,"Does not appear to center the entire review on label validity, spatial validation, calibration, transferability and reporting standards as a unified reliability audit.",DIRECT_COMPETITOR_RED_OCEAN,10.1016/j.jag.2026.105254,https://www.sciencedirect.com/science/article/pii/S1569843226001706
2024,A Review of Mineral Prospectivity Mapping Using Deep Learning,Narrative/structured review,High for general DL-based MPM,"Data types, DL models, applications, preprocessing, augmentation, tuning and accuracy evaluation","Broad descriptive coverage; pilot evidence supports a deeper methodological audit of validation validity, calibration, workflow-induced uncertainty and transfer.",DIRECT_COMPETITOR_CROWDED,10.3390/min14101021,https://www.mdpi.com/2075-163X/14/10/1021
2024,Artificial intelligence for mineral exploration: A review and perspectives on future directions from data science,Broad critical review,Moderate; broader than MPM and DL,"Ten mineral-exploration tasks, AI methods, geological knowledge coupling and deployment",Not a focused reliability and validation audit for DL-based MPM.,ADJACENT,10.1016/j.earscirev.2024.104941,https://researchonline.jcu.edu.au/85312/
2026,Recent Advances and Future Perspectives of AI-Based Mineral Exploration,Structured broad review,Moderate,"ML, DL, geologically informed approaches, limited labels, UQ, explainability, PINNs and foundation models",Broad mineral exploration rather than a systematic reliability audit with MPM-specific quality criteria.,ADJACENT_CROWDED,10.3390/min16060584,https://www.mdpi.com/2075-163X/16/6/584
2021,"Uncertainties in GIS-Based Mineral Prospectivity Mapping: Key Types, Potential Impacts and Possible Solutions",Critical uncertainty review,High on uncertainty; lower on modern DL reliability evidence,"Data-, model-, and judgment-related uncertainty across GIS-based MPM","Predates most recent DL, self-supervised, calibration, spatial-transfer and label-representativeness studies.",FOUNDATIONAL_ADJACENT,10.1007/s11053-021-09871-z,https://researchonline.jcu.edu.au/70103/
2021,A review of machine learning in processing remote sensing data for mineral exploration,Domain review,Moderate on remote sensing,ML for geological feature mapping and remote-sensing mineral exploration,Remote-sensing processing rather than end-to-end MPM reliability and multi-source validation.,ADJACENT,10.1016/j.rse.2021.112750,https://arxiv.org/abs/2103.07678
2024,A Review of Integration Techniques of Multi-Geoscience Data-Sets in Mineral Prospectivity Mapping,Narrative review,Moderate on data integration,Multi-geoscience data integration and AI-based techniques,"Limited focus on rigorous spatial validation, calibration, label design and reproducibility.",ADJACENT,10.11648/j.earth.20241304.12,https://www.sciencepg.com/article/10.11648/j.earth.20241304.12
2021,Advances in the application of machine learning methods in mineral prospectivity mapping,Narrative review,Moderate,"ML algorithms, sample selection, misclassification, uncertainty and performance","Predates the surge in DL reliability, semi/self-supervised learning and transfer validation.",FOUNDATIONAL_ADJACENT,10.19509/j.cnki.dzkq.2021.0108,https://dzkjtb.cug.edu.cn/en/article/doi/10.19509/j.cnki.dzkq.2021.0108
2026,A Review of Machine Learning-Based Geochemical Signature Analysis for Mineral Prospectivity Mapping,Modality-specific review,Low–moderate,"Geochemical anomaly/signature analysis, ML, interpretability and generalization",Single modality and broader ML; not an integrated DL reliability framework.,ADJACENT_MODALITY,,https://journalcps.com/index.php/volumes/article/view/775
